{"loss": 
[0.18590325117111206, 
0.16036772727966309, 
0.15767957270145416, 
0.17599651217460632, 
0.13310691714286804, 
0.11953828483819962, 
0.09816146641969681, 
0.12139399349689484, 
0.08865848928689957, 
0.08850489556789398, 
0.06961364299058914, 
0.06210089847445488, 
0.04942669719457626, 
0.028433967381715775, 
0.03643135353922844, 
0.03158148378133774, 
0.030955998227000237, 
0.027106424793601036, 
0.03626471012830734, 
0.04818359762430191, 
0.01842987909913063, 
0.01970193162560463, 
0.03832649812102318, 
0.04131680354475975, 
0.04223819077014923, 
0.014410174451768398, 
0.020574813708662987, 
0.005087669938802719, 
0.005227355752140284, 
0.0059757595881819725], 
"accuracy": 
[0.9229166507720947, 
0.9304166436195374, 
0.934166669845581, 
0.9212499856948853, 
0.9458333253860474, 
0.9508333206176758, 
0.9599999785423279, 
0.95333331823349, 
0.9637500047683716, 
0.9670833349227905, 
0.9750000238418579, 
0.9766666889190674, 
0.9804166555404663, 
0.9900000095367432, 
0.9887499809265137, 
0.9887499809265137, 
0.9866666793823242, 
0.9883333444595337, 
0.9833333492279053, 
0.9808333516120911, 
0.9950000047683716, 
0.9929166436195374, 
0.9866666793823242, 
0.987500011920929, 
0.9854166507720947, 
0.9958333373069763, 
0.9929166436195374, 
0.9975000023841858, 
0.9979166388511658, 
0.9979166388511658], 
"val_loss": 
[0.14256912469863892, 
0.11453001946210861, 
0.13667817413806915, 
0.11141414940357208, 
0.12788483500480652, 
0.11495557427406311, 
0.08577995002269745, 
0.07205942273139954, 
0.1169835552573204, 
0.0372973196208477, 
0.0707802101969719, 
0.03195551782846451, 
0.0137806236743927, 
0.019866937771439552, 
0.015185621567070484, 
0.008058099076151848, 
0.014823558740317822, 
0.02654057741165161, 
0.14427199959754944, 
0.010871151462197304, 
0.006748426705598831, 
0.022103406488895416, 
0.06635059416294098, 
0.055840302258729935, 
0.004376473370939493, 
0.017468348145484924, 
0.0028959563933312893, 
0.002596729202196002, 
0.0025454473216086626, 
0.0038080732338130474], 
"val_accuracy": 
[0.9395833611488342, 
0.9541666507720947, 
0.9454166889190674, 
0.9583333134651184, 
0.9420833587646484, 
0.9470833539962769, 
0.9645833373069763, 
0.9783333539962769, 
0.95291668176651, 
0.9887499809265137, 
0.9700000286102295, 
0.9887499809265137, 
0.997083306312561, 
0.9941666722297668, 
0.997083306312561, 
0.9975000023841858, 
0.9945833086967468, 
0.9900000095367432, 
0.9541666507720947, 
0.9975000023841858, 
0.9975000023841858, 
0.9883333444595337, 
0.9750000238418579, 
0.9783333539962769, 
0.9983333349227905, 
0.9937499761581421, 
0.9987499713897705, 
0.9987499713897705, 
0.9987499713897705, 
0.9983333349227905]}