{"accuracy": [0.6295833587646484, 0.7566666603088379, 0.7958333492279053, 0.7979166507720947, 0.8204166889190674, 0.8183333277702332, 0.8354166746139526, 0.8504166603088379, 0.8370833396911621, 0.8516666889190674], "loss": [0.9089482426643372, 0.5401477813720703, 0.4646572470664978, 0.4314434826374054, 0.4084199070930481, 0.4061528444290161, 0.3761732876300812, 0.3525928258895874, 0.3585275113582611, 0.3333759307861328], "val_accuracy": [0.76583331823349, 0.7933333516120911, 0.8016666769981384, 0.84375, 0.85916668176651, 0.8583333492279053, 0.8587499856948853, 0.8579166531562805, 0.8654166460037231, 0.8433333039283752], "val_loss": [0.5271036028862, 0.45584797859191895, 0.4086189270019531, 0.36378568410873413, 0.3423004150390625, 0.3363780081272125, 0.32285964488983154, 0.31134307384490967, 0.3148118555545807, 0.32104620337486267]}